every,recent,sim_time,max_cpu,max_mem
1,151,1514.017,156.4,1312.793
1,201,1532.657,159.4,1381.539
1,251,1540.935,153.5,1431.125
1,301,1538.684,165.0,1473.312
1,351,1535.435,163.4,1510.496
1,401,1541.614,167.5,1555.281
1,451,1508.293,162.8,1568.688
451,1,1416.687,129.2,312.594
451,51,1438.157,131.7,662.992
451,101,1470.564,132.6,926.523
451,151,1492.237,134.3,1149.09
451,201,1513.664,133.7,1250.734
451,251,1515.880,134.9,1258.551
451,301,1520.870,134.7,1313.852
451,351,1520.953,134.4,1349.668
451,401,1498.549,135.5,1396.91
451,451,1486.171,136.4,1413.352
101,1,1473.871,136.3,1477.281
101,51,1451.413,136.3,1473.172
101,101,1439.962,135.8,1454.371
101,151,1434.421,135.9,1473.379
101,201,1434.665,135.3,1474.691
101,251,1437.749,135.5,1468.234
101,301,1437.466,135.9,1451.621
101,351,1438.126,135.9,1453.57
101,401,1448.480,136.7,1472.062
101,451,1450.976,135.7,1472.637
201,1,1423.411,135.9,1469.059
201,51,1422.885,136.0,1471.879
201,101,1445.515,135.1,1474.887
201,151,1426.950,135.0,1447.227
201,201,1423.495,136.1,1452.746
201,251,1430.685,136.4,1474.234
201,301,1427.875,135.0,1445.262
201,351,1442.899,135.8,1449.84
201,401,1439.263,135.2,1454.102
201,451,1445.961,135.9,1474.453
301,1,1436.947,136.0,1473.016
301,51,1429.552,135.8,1474.066
301,101,1436.137,134.6,1472.137
301,151,1440.573,135.5,1454.711
301,201,1436.428,135.9,1476.141
301,251,1432.788,135.9,1475.758
301,301,1429.419,135.9,1471.59
301,351,1427.612,135.5,1455.324
301,401,1467.895,135.6,1374.039
301,451,1447.902,134.4,1430.773
401,1,1410.233,129.3,260.105
401,51,1436.970,131.5,669.082
401,101,1449.739,132.9,893.953
401,151,1487.265,133.9,1149.93
401,201,1485.108,134.2,1244.66
401,251,1486.935,134.7,1297.875
401,301,1500.033,136.1,1307.594
401,351,1500.460,135.5,1333.438
401,401,1488.885,136.1,1395.02
401,451,1467.255,135.3,1428.539
51,1,1402.913,129.2,300.777
51,51,1439.816,135.7,1457.918
51,101,1435.350,135.7,1472.102
51,151,1448.041,136.1,1470.078
51,201,1456.272,135.2,1451.703
51,251,1437.499,135.7,1469.277
51,301,1464.756,136.6,1474.988
51,351,1465.644,137.2,1478.207
51,401,1473.698,136.1,1482.172
51,451,1466.381,136.0,1455.27
151,1,1441.365,135.3,1452.402
151,51,1447.196,136.5,1473.066
151,101,1458.460,136.0,1473.312
151,151,1443.220,134.6,1453.773
151,201,1417.892,136.1,1470.895
151,251,1430.177,135.7,1478.102
151,301,1425.994,134.8,1452.426
151,351,1430.587,135.8,1470.641
151,401,1414.692,135.4,1465.562
151,451,1423.519,135.0,1452.387
251,1,1426.660,135.9,1451.523
251,51,1439.819,135.4,1459.688
251,101,1440.728,135.4,1450.691
251,151,1435.941,136.0,1473.227
251,201,1447.975,136.4,1472.16
251,251,1423.207,135.3,1466.766
251,301,1429.464,135.4,1474.418
251,351,1427.153,135.9,1452.832
251,401,1433.500,135.7,1476.754
251,451,1431.558,135.9,1470.02
351,1,1401.018,128.9,274.988
351,51,1417.596,131.1,663.898
351,101,1434.701,132.9,917.777
351,151,1470.807,133.8,1169.207
351,201,1469.728,135.1,1246.5
351,251,1499.359,134.1,1270.023
351,301,1478.456,135.3,1313.504
351,351,1486.347,135.9,1337.0
351,401,1477.687,135.6,1388.016
351,451,1460.510,135.5,1422.824